﻿data,filename
https://cdotsanta.github.io/santa/Ua2eah.html,https---cdotsanta.github.io-santa-Ua2eah.html.png
https://cdotsanta.github.io/santa/U29uYWxp.html,https---cdotsanta.github.io-santa-U29uYWxp.html.png
https://cdotsanta.github.io/santa/TmVlbGFt.html,https---cdotsanta.github.io-santa-TmVlbGFt.html.png
https://cdotsanta.github.io/santa/TmVlcnU.html,https---cdotsanta.github.io-santa-TmVlcnU.html.png
https://cdotsanta.github.io/santa/SnlvdGk.html,https---cdotsanta.github.io-santa-SnlvdGk.html.png
https://cdotsanta.github.io/santa/Uml6d2Fu.html,https---cdotsanta.github.io-santa-Uml6d2Fu.html.png
https://cdotsanta.github.io/santa/UmFrZXNo.html,https---cdotsanta.github.io-santa-UmFrZXNo.html.png
https://cdotsanta.github.io/santa/QXl1c2g.html,https---cdotsanta.github.io-santa-QXl1c2g.html.png
https://cdotsanta.github.io/santa/R2licmFu.html,https---cdotsanta.github.io-santa-R2licmFu.html.png
https://cdotsanta.github.io/santa/UGl5dXNo.html,https---cdotsanta.github.io-santa-UGl5dXNo.html.png
https://cdotsanta.github.io/santa/TXVrZXNo.html,https---cdotsanta.github.io-santa-TXVrZXNo.html.png